{
    "name": "Elfa dressing system",
    "type": "simple",
    "regular_price": "2",
    "description": "http://www.elfarus.ru/",
    "short_description": "Platform:\t 3dsMax 2010 + fbx\nRender:\t Vray\nSize:\t 11 MB\nStyle:\t Modern\nMaterials:\t Metal, Wood",
    "sku": "70651.52f8f4a88cfe5.txt",
    "categories": [
        {
            "id": "83"
        }
    ],
    "downloadable": true,
    "downloads": [
        {
            "name": "70651.52f8f4a88cfe5.txt",
            "file": "https://www.dropbox.com/scl/fi/mp8sheev8z7d9yxqj905i/70651.52f8f4a88cfe5.rar?rlkey=9xt7mf0snpehn51mvfwefbv3x&dl=1"
        }
    ],
    "tags": [
        {
            "name": "cloakroom"
        },
        {
            "name": "accessories"
        }
    ],
    "images": [
        {
            "src": "https://www.dropbox.com/scl/fi/0x1dc1m4omze0y0lwb6y4/70651.52f8f4a88cfe5.jpg?rlkey=0f9ee4izc62orj7vjo68h4dn1&dl=1"
        }
    ],
    "attributes": [
        {
            "id": 1,
            "name": "Price",
            "options": [
                "Pro"
            ]
        },
        {
            "id": 2,
            "name": "Render",
            "options": [
                "Vray"
            ]
        },
        {
            "id": 3,
            "name": "Style",
            "options": [
                "Modern"
            ]
        }
    ]
}