{
    "name": "Set ventilation pipes",
    "type": "simple",
    "regular_price": "2",
    "description": "Ventilation ducts of round cross section with a diameter of 160 mm and 250 mm",
    "short_description": "Platform:\t 3dsMax 2011 + obj\nRender:\t Vray\nSize:\t 31 MB\nStyle:\t Modern\nMaterials:\t Metal",
    "sku": "76567.5315e734c77cd.txt",
    "categories": [
        {
            "id": "218"
        }
    ],
    "downloadable": true,
    "downloads": [
        {
            "name": "76567.5315e734c77cd.txt",
            "file": "https://www.dropbox.com/scl/fi/ahmpdhahhucijnlbf49kp/76567.5315e734c77cd.rar?rlkey=3wes4hqni84t8wn1q9a1ft1o6&dl=1 - file"
        }
    ],
    "tags": [
        {
            "name": "tubing"
        },
        {
            "name": "pipes"
        },
        {
            "name": "ventilation"
        },
        {
            "name": "ventilation pipes"
        }
    ],
    "images": [
        {
            "src": "https://www.dropbox.com/scl/fi/xp5cugmbgf4rmsn93qyp7/76567.5315e734c77cd.jpg?rlkey=rfcazu7r5teelx5b4wu1p7had&dl=1"
        }
    ],
    "attributes": [
        {
            "id": 1,
            "name": "Price",
            "options": [
                "Pro"
            ]
        },
        {
            "id": 2,
            "name": "Render",
            "options": [
                "Vray"
            ]
        },
        {
            "id": 3,
            "name": "Style",
            "options": [
                "Modern"
            ]
        }
    ]
}